,Name,Year_of_Birth,Most_Common_Pronoun
0,Bronwyn Bancroft,1958.0,Female Pronouns
1,Felice Beato,1832.0,Male Pronouns
2,Jean Bellette,1908.0,Female Pronouns
3,Matthew Brettingham,1699.0,Male Pronouns
4,William Bruce (architect),1630.0,Male Pronouns
5,William Burges,1827.0,Male Pronouns
6,V. Gordon Childe,1892.0,Male Pronouns
7,O. G. S. Crawford,1886.0,Male Pronouns
8,Homer Davenport,1912.0,Male Pronouns
9,John Doubleday (restorer),1856.0,Male Pronouns
10,William Etty,1849.0,Male Pronouns
11,Lisa del Giocondo,1542.0,Female Pronouns
12,John Douglas (architect),1830.0,Male Pronouns
13,El Greco,1614.0,Male Pronouns
14,El Lissitzky,1890.0,Male Pronouns
15,Stefan Lochner,1451.0,Male Pronouns
16,Adolfo Farsari,1841.0,Male Pronouns
17,Florence Fuller,1867.0,Female Pronouns
18,Caspar David Friedrich,1774.0,Male Pronouns
19,Vincent van Gogh,1890.0,Male Pronouns
20,Ima Hogg,1900.0,Female Pronouns
21,Charles Holden,1960.0,Male Pronouns
22,Hu Zhengyan,1584.0,Male Pronouns
23,André Kertész,1894.0,Male Pronouns
24,Osbert Lancaster,1986.0,Male Pronouns
25,James B. Longacre,1869.0,Male Pronouns
26,Danie Mellor,1971.0,Male Pronouns
27,Henry Moore,1986.0,Male Pronouns
28,Benjamin Mountfort,1898.0,Male Pronouns
29,Margaret Murray,1963.0,Female Pronouns
30,Daisy Jugadai Napaltjarri,1955.0,Female Pronouns
31,Wintjiya Napaltjarri,1928.0,Female Pronouns
32,Makinti Napanangka,1930.0,Female Pronouns
33,Hilda Rix Nicholas,1884.0,Female Pronouns
34,Bronwyn Oliver,2006.0,Female Pronouns
35,Robert Peake the Elder,1619.0,Male Pronouns
36,I. M. Pei,1917.0,Male Pronouns
37,Minnie Pwerle,1915.0,Female Pronouns
38,Pierre Rossier,1829.0,Male Pronouns
39,Jacob van Ruisdael,1629.0,Male Pronouns
40,Edmund Sharpe,1809.0,Male Pronouns
41,Constance Stokes,1906.0,Female Pronouns
42,Tom Thomson,1917.0,Male Pronouns
43,Mortimer Wheeler,1890.0,Male Pronouns
44,Nigel Williams (conservator),1992.0,Male Pronouns
45,Rudolf Wolters,1983.0,Male Pronouns
46,John Michael Wright,1617.0,Male Pronouns
47,Mary Anning,1799.0,Female Pronouns
48,Edward Drinker Cope,1840.0,Male Pronouns
49,Charles Darwin,1809.0,Male Pronouns
50,Henry Edwards (entomologist),1827.0,Male Pronouns
51,Georg Forster,1794.0,Male Pronouns
52,Marcus Ward Lyon Jr.,1875.0,Male Pronouns
53,Barbara McClintock,1902.0,Female Pronouns
54,Meinhard Michael Moser,1924.0,Male Pronouns
55,William T. Stearn,1911.0,Male Pronouns
56,G. Ledyard Stebbins,1906.0,Male Pronouns
57,Alfred Russel Wallace,1823.0,Male Pronouns
58,Francis Willughby,1635.0,Male Pronouns
59,William Barley,1614.0,Male Pronouns
60,Richard Cantillon,1734.0,Male Pronouns
61,Finn M. W. Caspersen,1941.0,Male Pronouns
62,Adam Eckfeldt,1769.0,Male Pronouns
63,Harold Innis,1952.0,Male Pronouns
64,Madman Muntz,1914.0,Male Pronouns
65,Edgar Speyer,1862.0,Male Pronouns
66,James B. Conant,1893.0,Male Pronouns
67,Joseph Priestley,1733.0,Male Pronouns
68,Anna Anderson,1896.0,Female Pronouns
69,Hadji Ali,1930.0,Male Pronouns
70,Marshall Applewhite,1931.0,Male Pronouns
71,Isabella Beeton,1854.0,Female Pronouns
72,Biddenden Maids,1656.0,Plural or Non-binary Pronouns
73,William D. Boyce,1858.0,Male Pronouns
74,Guy Bradley,1870.0,Male Pronouns
75,Louise Bryant,1885.0,Female Pronouns
76,Josephine Butler,1828.0,Female Pronouns
77,Marjorie Cameron,1922.0,Female Pronouns
78,Emily Davison,1912.0,Female Pronouns
79,Charles Domery,1778.0,Male Pronouns
80,Marjory Stoneman Douglas,1890.0,Female Pronouns
81,Montague Druitt,1857.0,Male Pronouns
82,W. E. B. Du Bois,1868.0,Male Pronouns
83,Monroe Edwards,1808.0,Male Pronouns
84,Terry Fox,1958.0,Male Pronouns
85,Ursula Franklin,1921.0,Female Pronouns
86,Margaret Fuller,1810.0,Female Pronouns
87,E. Urner Goodman,1891.0,Male Pronouns
88,Debora Green,1951.0,Female Pronouns
89,Stanley Green,1915.0,Male Pronouns
90,William Hillcourt,1900.0,Male Pronouns
91,Fanny Imlay,1794.0,Female Pronouns
92,Akhtar Hameed Khan,1914.0,Male Pronouns
93,Daniel Lambert,1806.0,Male Pronouns
94,Bob Marshall (wilderness activist),1901.0,Male Pronouns
95,Florence Nagle,1894.0,Female Pronouns
96,Emmeline Pankhurst,1858.0,Female Pronouns
97,Elizabeth Raffald,1733.0,Female Pronouns
98,Mark Satin,1946.0,Male Pronouns
99,John Martin Scripps,1959.0,Male Pronouns
100,Kate Sheppard,1848.0,Female Pronouns
101,Grace Sherwood,1706.0,Female Pronouns
102,Robert Sterling Yard,1920.0,Male Pronouns
103,Mary Toft,1726.0,Female Pronouns
104,Matthew Boulton,1728.0,Male Pronouns
105,Ernest Emerson,1955.0,Male Pronouns
106,Charles Inglis (engineer),1875.0,Male Pronouns
107,Christopher C. Kraft Jr.,1924.0,Male Pronouns
108,Glynn Lunney,1936.0,Male Pronouns
109,Jack Parsons (rocket engineer),1914.0,Male Pronouns
110,Norman Selfe,1839.0,Male Pronouns
111,Joseph Francis Shea,1925.0,Male Pronouns
112,Otto Julius Zobel,1887.0,Male Pronouns
113,Golding Bird,1814.0,Male Pronouns
114,Macfarlane Burnet,1899.0,Male Pronouns
115,Ray Farquharson,1897.0,Male Pronouns
116,Hippocrates,460.0,Male Pronouns
117,Eli Lilly,1838.0,Male Pronouns
118,Ryan White,1971.0,Male Pronouns
119,Michael Woodruff,1911.0,Male Pronouns
120,Abu Nidal,1937.0,Male Pronouns
121,Samuel Adams,1722.0,Male Pronouns
122,Æthelstan A,416.0,Male Pronouns
123,Alcibiades,404.0,Male Pronouns
124,William T. Anderson,1840.0,Male Pronouns
125,Harriet Arbuthnot,1793.0,Female Pronouns
126,Elias Ashmole,1617.0,Male Pronouns
127,Aspasia,400.0,Male Pronouns
128,Alice Ayres,2004.0,Female Pronouns
129,Alexis Bachelot,1796.0,Male Pronouns
130,Ramón Emeterio Betances,1827.0,Male Pronouns
131,Blackbeard,1680.0,Male Pronouns
132,James G. Blaine,1830.0,Male Pronouns
133,Stede Bonnet,400.0,Male Pronouns
134,Daniel Boone,1734.0,Male Pronouns
135,Carsten Borchgrevink,1864.0,Male Pronouns
136,James Bowie,1796.0,Male Pronouns
137,Joel Brand,1906.0,Male Pronouns
138,Isaac Brock,1769.0,Male Pronouns
139,William Speirs Bruce,1867.0,Male Pronouns
140,Guy Burgess,1911.0,Male Pronouns
141,Henry Cornelius Burnett,1825.0,Male Pronouns
142,Pedro Álvares Cabral,1467.0,Male Pronouns
143,William Calcraft,1870.0,Male Pronouns
144,Robert Catesby,1572.0,Male Pronouns
145,Charles Carroll the Settler,1690.0,Male Pronouns
146,Choe Bu,1504.0,Male Pronouns
147,Clarence 13X,1928.0,Male Pronouns
148,Cleopatra,323.0,Female Pronouns
149,Death of Cleopatra,1787.0,Female Pronouns
150,Olga Constantinovna of Russia,1851.0,Female Pronouns
151,William Cooley,1863.0,Male Pronouns
152,William Cragh,1290.0,Male Pronouns
153,Tom Crean (explorer),1938.0,Male Pronouns
154,Jefferson Davis,1861.0,Male Pronouns
155,Death of Blair Peach,1979.0,Male Pronouns
156,Demosthenes,384.0,Male Pronouns
157,Joseph Desha,1768.0,Male Pronouns
158,Thích Quảng Đức,1963.0,Male Pronouns
159,Epaminondas,362.0,Male Pronouns
160,Hiram Wesley Evans,1881.0,Male Pronouns
161,Guy Fawkes,1605.0,Male Pronouns
162,Anne Frank,1929.0,Female Pronouns
163,Pain fitzJohn,1100.0,Male Pronouns
164,James Garrard,1749.0,Male Pronouns
165,Jacob Gens,1903.0,Male Pronouns
166,Nicolo Giraud,1795.0,Male Pronouns
167,Simon Hatley,1685.0,Male Pronouns
168,Richard Hawes,1797.0,Male Pronouns
169,Elwood Haynes,1857.0,Male Pronouns
170,Thomas C. Hindman,1828.0,Male Pronouns
171,Irataba,1814.0,Male Pronouns
172,Frank Jenner,1903.0,Male Pronouns
173,Joan of Arc,1412.0,Female Pronouns
174,John W. Johnston,1818.0,Male Pronouns
175,Ernest Joyce,1875.0,Male Pronouns
176,Shen Kuo,1095.0,Male Pronouns
177,Edward Low,1724.0,Male Pronouns
178,Aeneas Mackintosh,1879.0,Male Pronouns
179,Charles Edward Magoon,1861.0,Male Pronouns
180,Malcolm X,1925.0,Male Pronouns
181,Clements Markham,1830.0,Male Pronouns
182,Ezra Meeker,1830.0,Male Pronouns
183,Menkauhor Kaiu,2390.0,Male Pronouns
184,Harry McNish,1874.0,Male Pronouns
185,Khalid al-Mihdhar,2001.0,Male Pronouns
186,Benjamin Morrell,1795.0,Male Pronouns
187,Mukhtar al-Thaqafi,687.0,Male Pronouns
188,Fridtjof Nansen,1861.0,Male Pronouns
189,Francis Nash,1742.0,Male Pronouns
190,Elizabeth Needham,1769.0,Female Pronouns
191,Hugh de Neville,1234.0,Male Pronouns
192,Nguyễn Chánh Thi,1923.0,Male Pronouns
193,Roger Norreis,1223.0,Male Pronouns
194,Emperor Norton,1863.0,Male Pronouns
195,Mary Margaret O&#39;Reilly,1865.0,Female Pronouns
196,Thomas Percy (Gunpowder Plot),1560.0,Male Pronouns
197,Pericles,429.0,Male Pronouns
198,Phan Đình Phùng,1847.0,Male Pronouns
199,Phan Xích Long,1913.0,Male Pronouns
200,Witold Pilecki,1901.0,Male Pronouns
201,Jean Baptiste Point du Sable,1818.0,Male Pronouns
202,William F. Raynolds,1820.0,Male Pronouns
203,Woodes Rogers,1679.0,Male Pronouns
204,Ambrose Rookwood,1578.0,Male Pronouns
205,John/Eleanor Rykener,1394.0,Male Pronouns
206,Omayra Sánchez,1972.0,Female Pronouns
207,Robert Falcon Scott,1868.0,Male Pronouns
208,Laura Secord,1812.0,Female Pronouns
209,Ernest Shackleton,1874.0,Male Pronouns
210,Wail al-Shehri,2001.0,Male Pronouns
211,Jack Sheppard,1702.0,Male Pronouns
212,John Sherman,1823.0,Male Pronouns
213,Sabrina Sidney,1757.0,Male Pronouns
214,Samantha Smith,1972.0,Female Pronouns
215,Tarrare,1805.0,Male Pronouns
216,Theramenes,404.0,Male Pronouns
217,Thomas the Slav,760.0,Male Pronouns
218,Jean-François-Marie de Surville,1717.0,Male Pronouns
219,Thurisind,560.0,Male Pronouns
220,James Tod,1782.0,Male Pronouns
221,John Treloar (museum administrator),1894.0,Male Pronouns
222,Francis Tresham,1567.0,Male Pronouns
223,Stephen Trigg,1744.0,Male Pronouns
224,Harry R. Truman,1980.0,Male Pronouns
225,Hasekura Tsunenaga,1622.0,Male Pronouns
226,Harriet Tubman,1913.0,Female Pronouns
227,Dick Turpin,1705.0,Male Pronouns
228,Urse d&#39;Abetot,1040.0,Male Pronouns
229,Giovanni Villani,1276.0,Male Pronouns
230,Jovan Vladimir,990.0,Male Pronouns
231,Rudolf Vrba,1924.0,Male Pronouns
232,Francis Walsingham,1532.0,Male Pronouns
233,Yagan,1795.0,Male Pronouns
234,Zhou Tong (archer),1121.0,Male Pronouns
235,Nikita Zotov,1883.0,Male Pronouns
236,"Norman Birkett, 1st Baron Birkett",1883.0,Male Pronouns
237,Richard Barre,1130.0,Male Pronouns
238,Elizabeth Canning,1734.0,Female Pronouns
239,Ronnie Lee Gardner,1961.0,Male Pronouns
240,Robert Garran,1867.0,Male Pronouns
241,William Garrow,1760.0,Male Pronouns
242,Learned Hand,1872.0,Male Pronouns
243,Disappearance of Natalee Holloway,1986.0,Male Pronouns
244,Mathew Charles Lamb,1948.0,Male Pronouns
245,Kenesaw Mountain Landis,1866.0,Male Pronouns
246,Sherman Minton,1890.0,Male Pronouns
247,Albert Pierrepoint,1905.0,Male Pronouns
248,Henry W. Sawyer,1918.0,Male Pronouns
249,Antonin Scalia,1936.0,Male Pronouns
250,Elliott Fitch Shepard,1833.0,Male Pronouns
251,Melford Stevenson,1902.0,Male Pronouns
252,Themes in Maya Angelou&#39;s autobiographies,1993.0,Female Pronouns
253,I Know Why the Caged Bird Sings,1969.0,Female Pronouns
254,Gather Together in My Name,1974.0,Female Pronouns
255,Singin&#39; and Swingin&#39; and Gettin&#39; Merry Like Christmas,1949.0,Female Pronouns
256,The Heart of a Woman,1981.0,Female Pronouns
257,All God&#39;s Children Need Traveling Shoes,1962.0,Female Pronouns
258,A Song Flung Up to Heaven,1965.0,Female Pronouns
259,Mom &amp; Me &amp; Mom,2013.0,Female Pronouns
260,The Autobiography of Malcolm X,1963.0,Male Pronouns
261,Fun Home,2006.0,Female Pronouns
262,History of a Six Weeks&#39; Tour,1817.0,Female Pronouns
263,Rambles in Germany and Italy,1843.0,Female Pronouns
264,A Journey,1994.0,Male Pronouns
265,"Letters Written in Sweden, Norway, and Denmark",1796.0,Female Pronouns
266,The Log from the Sea of Cortez,1940.0,Plural or Non-binary Pronouns
267,Night (book),1960.0,Male Pronouns
268,True at First Light,1999.0,Male Pronouns
269,Lazarus Aaronson,1894.0,Male Pronouns
270,Chinua Achebe,1930.0,Male Pronouns
271,Eliza Acton,1799.0,Female Pronouns
272,Mário de Andrade,1893.0,Male Pronouns
273,Maya Angelou,1928.0,Female Pronouns
274,"Augusta, Lady Gregory",1852.0,Female Pronouns
275,James Robert Baker,1947.0,Male Pronouns
276,Honoré de Balzac,1799.0,Male Pronouns
277,Ann Bannon,1957.0,Female Pronouns
278,Anna Laetitia Barbauld,1775.0,Female Pronouns
279,Natalie Clifford Barney,1876.0,Female Pronouns
280,Enid Blyton,1897.0,Female Pronouns
281,R. V. C. Bodley,1892.0,Male Pronouns
282,Cædmon,684.0,Male Pronouns
283,Neville Cardus,1888.0,Male Pronouns
284,Rachel Carson,1907.0,Female Pronouns
285,Anton Chekhov,1898.0,Male Pronouns
286,Colley Cibber,1671.0,Male Pronouns
287,Brunette Coleman,1955.0,Male Pronouns
288,Noël Coward,1972.0,Male Pronouns
289,Stephen Crane,1871.0,Male Pronouns
290,John Day (printer),1584.0,Male Pronouns
291,Emily Dickinson,1830.0,Female Pronouns
292,Du Fu,712.0,Male Pronouns
293,Early life of Samuel Johnson,1709.0,Male Pronouns
294,Isabelle Eberhardt,1991.0,Female Pronouns
295,Edmund Evans,1887.0,Male Pronouns
296,Zelda Fitzgerald,1900.0,Female Pronouns
297,Ian Fleming,1908.0,Male Pronouns
298,Stella Gibbons,1902.0,Female Pronouns
299,William Gibson,1948.0,Male Pronouns
300,W. S. Gilbert,1836.0,Male Pronouns
301,Joseph Grimaldi,1778.0,Male Pronouns
302,Rufus Wilmot Griswold,1815.0,Male Pronouns
303,Richard Hakluyt,1553.0,Male Pronouns
304,Amir Hamzah,1911.0,Male Pronouns
305,H.D.,1921.0,Female Pronouns
306,Ernest Hemingway,1899.0,Male Pronouns
307,George Herriman,1880.0,Male Pronouns
308,Georgette Heyer,1902.0,Female Pronouns
309,Stanley Holloway,1974.0,Male Pronouns
310,Oliver Wendell Holmes Sr.,1809.0,Male Pronouns
311,E. W. Hornung,1866.0,Male Pronouns
312,Israel the Grammarian,895.0,Male Pronouns
313,Joehana,1923.0,Male Pronouns
314,Joseph Johnson (publisher),1738.0,Male Pronouns
315,Samuel Johnson,1709.0,Male Pronouns
316,James Joyce,1882.0,Male Pronouns
317,Franz Kafka,1883.0,Male Pronouns
318,Lat,,Male Pronouns
319,Ursula K. Le Guin,1929.0,Female Pronouns
320,John Le Mesurier,1973.0,Male Pronouns
321,Dan Leno,1860.0,Male Pronouns
322,Lie Kim Hok,1853.0,Male Pronouns
323,Little Tich,1893.0,Male Pronouns
324,Marie Lloyd,1900.0,Female Pronouns
325,James Russell Lowell,1819.0,Male Pronouns
326,Nigel Kneale,1922.0,Male Pronouns
327,H. C. McNeile,1888.0,Male Pronouns
328,Bruno Maddox,1969.0,Male Pronouns
329,Olivia Manning,1908.0,Female Pronouns
330,Francis Marrash,1866.0,Male Pronouns
331,Master Juba,1848.0,Male Pronouns
332,Frank Matcham,1900.0,Male Pronouns
333,Nancy Mitford,1904.0,Female Pronouns
334,George Moore (novelist),1852.0,Male Pronouns
335,Laurence Olivier,1972.0,Male Pronouns
336,George Robey,1869.0,Male Pronouns
337,Murasaki Shikibu,973.0,Female Pronouns
338,Philitas of Cos,340.0,Male Pronouns
339,Harold Pinter,1930.0,Male Pronouns
340,Edgar Allan Poe,1809.0,Male Pronouns
341,Virginia Eliza Clemm Poe,1822.0,Female Pronouns
342,Ezra Pound,1913.0,Male Pronouns
343,Adelaide Anne Procter,1825.0,Female Pronouns
344,Jean-Joseph Rabearivelo,1901.0,Male Pronouns
345,Ion Heliade Rădulescu,1802.0,Male Pronouns
346,Talbot Baines Reed,1852.0,Male Pronouns
347,Ralph Richardson,1949.0,Male Pronouns
348,J. K. Rowling,500.0,Female Pronouns
349,Olivia Shakespear,1863.0,Female Pronouns
350,William Shakespeare,1564.0,Male Pronouns
351,George Bernard Shaw,1856.0,Male Pronouns
352,Mary Shelley,1797.0,Female Pronouns
353,Mary Martha Sherwood,1775.0,Female Pronouns
354,Asylum confinement of Christopher Smart,1771.0,Male Pronouns
355,John Millington Synge,1871.0,Male Pronouns
356,William Beach Thomas,1868.0,Male Pronouns
357,J. R. R. Tolkien,1892.0,Male Pronouns
358,Sarah Trimmer,1741.0,Female Pronouns
359,Mario Vargas Llosa,2010.0,Male Pronouns
360,Kurt Vonnegut,1922.0,Male Pronouns
361,Hugh Walpole,1934.0,Male Pronouns
362,Evelyn Waugh,1903.0,Male Pronouns
363,Nathaniel Parker Willis,1806.0,Male Pronouns
364,P. G. Wodehouse,1881.0,Male Pronouns
365,Mary Wollstonecraft,1759.0,Female Pronouns
366,W. B. Yeats,1903.0,Male Pronouns
367,Archimedes,287.0,Male Pronouns
368,Georg Cantor,1845.0,Male Pronouns
369,Leonhard Euler,1707.0,Male Pronouns
370,Robert Hues,1553.0,Male Pronouns
371,Émile Lemoine,1840.0,Male Pronouns
372,Emery Molyneux,1598.0,Male Pronouns
373,Emmy Noether,1882.0,Female Pronouns
374,Marian Rejewski,1905.0,Male Pronouns
375,Edward Wright (mathematician),1615.0,Male Pronouns
376,Amy Adams,1974.0,Female Pronouns
377,Ben Affleck,1972.0,Male Pronouns
378,Ike Altgens,1919.0,Male Pronouns
379,Andjar Asmara,1902.0,Male Pronouns
380,James T. Aubrey,1918.0,Male Pronouns
381,Kroger Babb,1906.0,Male Pronouns
382,Vidya Balan,1979.0,Female Pronouns
383,Eric Bana,2001.0,Male Pronouns
384,Joseph Barbera,1911.0,Male Pronouns
385,John Barrymore,1882.0,Male Pronouns
386,Harriet Bosse,1907.0,Female Pronouns
387,Rudolph Cartier,1904.0,Male Pronouns
388,Nancy Cartwright,1978.0,Female Pronouns
389,Charlie Chaplin,1889.0,Male Pronouns
390,Jessica Chastain,1977.0,Female Pronouns
391,Priyanka Chopra,1982.0,Female Pronouns
392,Bradley Cooper,1975.0,Male Pronouns
393,Gary Cooper,1901.0,Male Pronouns
394,Russell T Davies,2005.0,Male Pronouns
395,Walt Disney,1901.0,Male Pronouns
396,D. Djajakusuma,1918.0,Male Pronouns
397,Steve Dodd,1928.0,Male Pronouns
398,Kirsten Dunst,1982.0,Female Pronouns
399,George Formby,1904.0,Male Pronouns
400,George Formby Sr,1919.0,Male Pronouns
401,John Gielgud,1959.0,Male Pronouns
402,Jake Gyllenhaal,1980.0,Male Pronouns
403,Maggie Gyllenhaal,2002.0,Female Pronouns
404,William Hanna,1910.0,Plural or Non-binary Pronouns
405,Phil Hartman,1948.0,Male Pronouns
406,Anne Hathaway,1982.0,Female Pronouns
407,Ethan Hawke,1985.0,Male Pronouns
408,Katharine Hepburn,1907.0,Female Pronouns
409,Philip Seymour Hoffman,1967.0,Male Pronouns
410,Michael Hordern,1970.0,Male Pronouns
411,Kenneth Horne,1907.0,Male Pronouns
412,Nicholas Hoult,1989.0,Male Pronouns
413,Josh Hutcherson,1992.0,Male Pronouns
414,Satoru Iwata,1959.0,Male Pronouns
415,Hattie Jacques,1922.0,Female Pronouns
416,Peter Jennings,1938.0,Male Pronouns
417,Scarlett Johansson,1984.0,Female Pronouns
418,Angelina Jolie,1997.0,Female Pronouns
419,Kareena Kapoor,1980.0,Female Pronouns
420,Sonam Kapoor,1985.0,Female Pronouns
421,Shah Rukh Khan,1992.0,Male Pronouns
422,Kalki Koechlin,1984.0,Female Pronouns
423,Brie Larson,100.0,Female Pronouns
424,Jennifer Lawrence,1990.0,Female Pronouns
425,Vivien Leigh,1913.0,Female Pronouns
426,Jacobus Anthonie Meessen,1836.0,Male Pronouns
427,Marilyn Monroe,1926.0,Female Pronouns
428,Julianne Moore,1960.0,Female Pronouns
429,Rani Mukerji,1978.0,Female Pronouns
430,Cillian Murphy,1976.0,Male Pronouns
431,James Nesbitt,1965.0,Male Pronouns
432,Sydney Newman,1917.0,Male Pronouns
433,Deepika Padukone,1986.0,Female Pronouns
434,Freida Pinto,1984.0,Female Pronouns
435,Brad Pitt,1963.0,Male Pronouns
436,Kangana Ranaut,1987.0,Female Pronouns
437,Satyajit Ray,1921.0,Male Pronouns
438,Roekiah,1917.0,Female Pronouns
439,Hrithik Roshan,1974.0,Male Pronouns
440,Peter Sellers,1925.0,Male Pronouns
441,Sebastian Shaw (actor),1905.0,Male Pronouns
442,Red Skelton,1913.0,Male Pronouns
443,Aaron Sorkin,2017.0,Male Pronouns
444,Rod Steiger,1959.0,Male Pronouns
445,Emma Stone,1988.0,Female Pronouns
446,Terry-Thomas,1968.0,Male Pronouns
447,Jack L. Warner,1892.0,Male Pronouns
448,Emma Watson,2007.0,Female Pronouns
449,Michelle Williams (actress),1980.0,Female Pronouns
450,Kate Winslet,1975.0,Female Pronouns
451,Reese Witherspoon,1976.0,Female Pronouns
452,Anna May Wong,1905.0,Female Pronouns
453,Catherine Zeta-Jones,1987.0,Female Pronouns
454,Preity Zinta,1975.0,Female Pronouns
455,Aaliyah,1979.0,Female Pronouns
456,Charles-Valentin Alkan,1813.0,Male Pronouns
457,Alice in Chains,1987.0,Plural or Non-binary Pronouns
458,Audioslave,2007.0,Male Pronouns
459,Walter Bache,1842.0,Male Pronouns
460,John Barbirolli,1960.0,Male Pronouns
461,Arnold Bax,1922.0,Male Pronouns
462,The Beatles,1965.0,Plural or Non-binary Pronouns
463,Thomas Beecham,1948.0,Male Pronouns
464,Bix Beiderbecke,3457.0,Male Pronouns
465,William Sterndale Bennett,1873.0,Male Pronouns
466,Hector Berlioz,1845.0,Male Pronouns
467,Big Star,1971.0,Male Pronouns
468,Georges Bizet,1875.0,Male Pronouns
469,Black Francis,1965.0,Male Pronouns
470,Adrian Boult,1889.0,Male Pronouns
471,David Bowie,1947.0,Male Pronouns
472,Benjamin Britten,1913.0,Male Pronouns
473,Alan Bush,1900.0,Male Pronouns
474,Mariah Carey,1990.0,Female Pronouns
475,Frédéric Chopin,1849.0,Male Pronouns
476,Chrisye,1949.0,Male Pronouns
477,Rebecca Clarke (composer),1919.0,Female Pronouns
478,Damageplan,676.0,Male Pronouns
479,Claude Debussy,1908.0,Male Pronouns
480,Frederick Delius,1907.0,Male Pronouns
481,DJ AM,1973.0,Male Pronouns
482,Nick Drake,1948.0,Male Pronouns
483,Bob Dylan,1941.0,Male Pronouns
484,Edward Elgar,1900.0,Male Pronouns
485,Bernard Fanning,1969.0,Male Pronouns
486,Gabriel Fauré,1907.0,Male Pronouns
487,Kathleen Ferrier,1951.0,Female Pronouns
488,Fightin&#39; Texas Aggie Band,400.0,Male Pronouns
489,Rakoto Frah,1923.0,Male Pronouns
490,John Frusciante,1970.0,Male Pronouns
491,Godsmack,1997.0,Plural or Non-binary Pronouns
492,Percy Grainger,1882.0,Male Pronouns
493,The Greencards,2003.0,Plural or Non-binary Pronouns
494,Ayumi Hamasaki,1978.0,Female Pronouns
495,George Harrison,1943.0,Male Pronouns
496,Jimi Hendrix,1942.0,Male Pronouns
497,Canadian drug charges and trial of Jimi Hendrix,0.0,Male Pronouns
498,Death of Jimi Hendrix,1942.0,Male Pronouns
499,Gustav Holst,1921.0,Male Pronouns
500,Imogen Holst,1907.0,Female Pronouns
501,Janet Jackson,1966.0,Female Pronouns
502,Michael Jackson,1958.0,Male Pronouns
503,Eusèbe Jaojoby,1999.0,Male Pronouns
504,Andrew Johnston (singer),1994.0,Male Pronouns
505,Bradley Joseph,1965.0,Male Pronouns
506,Jane Joseph,1920.0,Female Pronouns
507,Josquin des Prez,1611.0,Male Pronouns
508,Joy Division,1978.0,Male Pronouns
509,Maynard James Keenan,1964.0,Male Pronouns
510,Albert Ketèlbey,1875.0,Male Pronouns
511,The Kinks,1964.0,Plural or Non-binary Pronouns
512,Frank Klepacki,1000.0,Male Pronouns
513,Lady Gaga,200.0,Female Pronouns
514,John Lennon,1940.0,Male Pronouns
515,Kellie Loder,1988.0,Female Pronouns
516,Lorde,2009.0,Female Pronouns
517,Courtney Love,1964.0,Female Pronouns
518,David Lovering,1961.0,Male Pronouns
519,Steve Lukather,1957.0,Male Pronouns
520,Witold Lutosławski,1913.0,Male Pronouns
521,Gustav Mahler,1974.0,Male Pronouns
522,Miriam Makeba,1932.0,Female Pronouns
523,Margaret (singer),2013.0,Female Pronouns
524,Jules Massenet,1895.0,Male Pronouns
525,Paul McCartney,1942.0,Male Pronouns
526,Megadeth,1983.0,Male Pronouns
527,Felix Mendelssohn,1839.0,Male Pronouns
528,Meshuggah,1993.0,Plural or Non-binary Pronouns
529,André Messager,1921.0,Male Pronouns
530,Olivier Messiaen,1986.0,Male Pronouns
531,Metallica,1981.0,Male Pronouns
532,Kylie Minogue,1994.0,Female Pronouns
533,Pierre Monteux,1912.0,Male Pronouns
534,Claudio Monteverdi,1630.0,Male Pronouns
535,Mozart in Italy,1821.0,Male Pronouns
536,Ram Narayan,1949.0,Male Pronouns
537,Carl Nielsen,1865.0,Male Pronouns
538,Nine Inch Nails,1988.0,Male Pronouns
539,Nirvana (band),1994.0,Male Pronouns
540,The Notorious B.I.G.,1972.0,Male Pronouns
541,Opeth,2001.0,Plural or Non-binary Pronouns
542,The Orb,1988.0,Plural or Non-binary Pronouns
543,Leo Ornstein,2002.0,Male Pronouns
544,Ellis Paul,1965.0,Male Pronouns
545,Pearl Jam,1990.0,Male Pronouns
546,Katy Perry,2008.0,Female Pronouns
547,Pink Floyd,1968.0,Plural or Non-binary Pronouns
548,Pixies (band),1986.0,Plural or Non-binary Pronouns
549,Francis Poulenc,1899.0,Male Pronouns
550,Powderfinger,1992.0,Plural or Non-binary Pronouns
551,Elvis Presley,1935.0,Male Pronouns
552,Radiohead,1985.0,Plural or Non-binary Pronouns
553,Maurice Ravel,1925.0,Male Pronouns
554,R.E.M.,2011.0,Male Pronouns
555,Nikolai Rimsky-Korsakov,1898.0,Male Pronouns
556,Gioachino Rossini,1815.0,Male Pronouns
557,Camille Saint-Saëns,1880.0,Male Pronouns
558,Joey Santiago,1965.0,Male Pronouns
559,Sasha (DJ),2000.0,Male Pronouns
560,Sex Pistols,1976.0,Male Pronouns
561,Dmitri Shostakovich,1950.0,Male Pronouns
562,Silverchair,1953.0,Plural or Non-binary Pronouns
563,Slayer,1981.0,Male Pronouns
564,The Smashing Pumpkins,1988.0,Male Pronouns
565,Bedřich Smetana,1878.0,Male Pronouns
566,Faryl Smith,1995.0,Female Pronouns
567,Georg Solti,1975.0,Male Pronouns
568,Adele Spitzeder,1832.0,Female Pronouns
569,Jo Stafford,1917.0,Female Pronouns
570,Charles Villiers Stanford,1921.0,Male Pronouns
571,Ringo Starr,1973.0,Male Pronouns
572,Gwen Stefani,1969.0,Female Pronouns
573,Stereolab,1990.0,Plural or Non-binary Pronouns
574,Strapping Young Lad,1995.0,Male Pronouns
575,Arthur Sullivan,1888.0,Male Pronouns
576,The Supremes,1960.0,Plural or Non-binary Pronouns
577,Taylor Swift,1989.0,Female Pronouns
578,Joseph Szigeti,1892.0,Male Pronouns
579,Toru Takemitsu,1930.0,Male Pronouns
580,Pyotr Ilyich Tchaikovsky,1840.0,Male Pronouns
581,Pyotr Ilyich Tchaikovsky and the Belyayev circle,1887.0,Male Pronouns
582,Pyotr Ilyich Tchaikovsky and The Five,1869.0,Male Pronouns
583,Michael Tippett,1905.0,Male Pronouns
584,Tool (band),2001.0,Plural or Non-binary Pronouns
585,U2,2000.0,Plural or Non-binary Pronouns
586,Uncle Tupelo,1987.0,Plural or Non-binary Pronouns
587,Cosima Wagner,1837.0,Female Pronouns
588,Richard Wagner,1871.0,Male Pronouns
589,William Walton,1937.0,Male Pronouns
590,Peter Warlock,1894.0,Male Pronouns
591,Roger Waters,1943.0,Male Pronouns
592,The Wiggles,2006.0,Plural or Non-binary Pronouns
593,Wilco,1994.0,Plural or Non-binary Pronouns
594,Ralph Vaughan Williams,1920.0,Male Pronouns
595,Henry Wood,1906.0,Male Pronouns
596,Frank Zappa,1940.0,Male Pronouns
597,Eric A. Havelock,1903.0,Male Pronouns
598,Hilary Putnam,1926.0,Male Pronouns
599,William S. Sadler,1875.0,Male Pronouns
600,Bernard Williams,1929.0,Male Pronouns
601,Buzz Aldrin,1930.0,Male Pronouns
602,Neil Armstrong,1930.0,Male Pronouns
603,Niels Bohr,1885.0,Male Pronouns
604,Frank Borman,1928.0,Male Pronouns
605,James Chadwick,1891.0,Male Pronouns
606,Michael Collins (astronaut),1930.0,Male Pronouns
607,Jürgen Ehlers,1929.0,Male Pronouns
608,Enrico Fermi,1901.0,Male Pronouns
609,Richard Feynman,1918.0,Male Pronouns
610,Ben Gascoigne,1915.0,Male Pronouns
611,Josiah Willard Gibbs,1839.0,Male Pronouns
612,Johannes Kepler,1571.0,Male Pronouns
613,George Koval,1913.0,Male Pronouns
614,Mark Oliphant,1901.0,Male Pronouns
615,Mercury Seven,1961.0,Male Pronouns
616,Gerard K. O&#39;Neill,1927.0,Male Pronouns
617,J. Robert Oppenheimer,1904.0,Male Pronouns
618,Oppenheimer security hearing,1954.0,Male Pronouns
619,Isidor Isaac Rabi,1898.0,Male Pronouns
620,David Scott,1932.0,Male Pronouns
621,Louis Slotin,1910.0,Male Pronouns
622,Edward Teller,1908.0,Male Pronouns
623,Zhang Heng,144.0,Male Pronouns
624,John Adair,1757.0,Male Pronouns
625,John Adams,1826.0,Male Pronouns
626,Spiro Agnew,1918.0,Male Pronouns
627,Yasser Arafat,1929.0,Male Pronouns
628,Carlos Castillo Armas,1914.0,Male Pronouns
629,Chester A. Arthur,1829.0,Male Pronouns
630,Alexandre Banza,1932.0,Male Pronouns
631,Alben W. Barkley,1877.0,Male Pronouns
632,Thomas F. Bayard,1828.0,Male Pronouns
633,Hugh Beadle,1905.0,Male Pronouns
634,J. C. W. Beckham,1869.0,Male Pronouns
635,Judah P. Benjamin,1811.0,Male Pronouns
636,Steve Biko,1946.0,Male Pronouns
637,Luke P. Blackburn,1816.0,Male Pronouns
638,Barthélemy Boganda,1910.0,Male Pronouns
639,Jean Bolikango,1982.0,Male Pronouns
640,Margaret Bondfield,1873.0,Female Pronouns
641,William Borah,1865.0,Male Pronouns
642,Horatio Bottomley,1860.0,Male Pronouns
643,William O&#39;Connell Bradley,1847.0,Male Pronouns
644,Bessie Braddock,1899.0,Female Pronouns
645,John C. Breckinridge,1821.0,Male Pronouns
646,Political career of John C. Breckinridge,1856.0,Male Pronouns
647,"John Y. Brown (politician, born 1835)",1835.0,Male Pronouns
648,John Edward Brownlee as Attorney-General of Alberta,1921.0,Male Pronouns
649,Stanley Bruce,1883.0,Male Pronouns
650,Simon Bolivar Buckner,1823.0,Male Pronouns
651,John C. Calhoun,1782.0,Male Pronouns
652,"Honório Hermeto Carneiro Leão, Marquis of Paraná",1801.0,Male Pronouns
653,Neville Chamberlain,1869.0,Male Pronouns
654,Happy Chandler,1898.0,Male Pronouns
655,Murray Chotiner,1909.0,Male Pronouns
656,Wesley Clark,1944.0,Male Pronouns
657,Grover Cleveland,1837.0,Male Pronouns
658,Hillary Clinton,2000.0,Female Pronouns
659,Jane Cobden,1851.0,Female Pronouns
660,Martha Layne Collins,1936.0,Female Pronouns
661,Bert Combs,1911.0,Male Pronouns
662,Calvin Coolidge,1872.0,Male Pronouns
663,John Sherman Cooper,1901.0,Male Pronouns
664,Richard Cordray,1959.0,Male Pronouns
665,John J. Crittenden,1787.0,Male Pronouns
666,S. O. Davies,1889.0,Male Pronouns
667,Bill Denny,1872.0,Male Pronouns
668,John Diefenbaker,1895.0,Male Pronouns
669,Benjamin Disraeli,1804.0,Male Pronouns
670,Alec Douglas-Home,1903.0,Male Pronouns
671,Neal Dow,1804.0,Male Pronouns
672,Tom Driberg,1905.0,Male Pronouns
673,Don Dunstan,1926.0,Male Pronouns
674,Early life and military career of John McCain,1967.0,Male Pronouns
675,William Hayden English,1822.0,Male Pronouns
676,Millard Fillmore,1800.0,Male Pronouns
677,Ernie Fletcher,1952.0,Male Pronouns
678,Joseph B. Foraker,1846.0,Male Pronouns
679,Gerald Ford,1913.0,Male Pronouns
680,Wendell Ford,1924.0,Male Pronouns
681,James A. Garfield,1831.0,Male Pronouns
682,William Goebel,1856.0,Male Pronouns
683,Emma Goldman,1919.0,Female Pronouns
684,Horace Greeley,1811.0,Male Pronouns
685,Herbert Greenfield,1869.0,Male Pronouns
686,Mark Hanna,1837.0,Male Pronouns
687,Warren G. Harding,1865.0,Male Pronouns
688,William Harper (Rhodesian politician),1916.0,Male Pronouns
689,Benjamin Harrison,1833.0,Male Pronouns
690,William Henry Harrison,1812.0,Male Pronouns
691,John Hay,1838.0,Male Pronouns
692,Rutherford B. Hayes,1822.0,Male Pronouns
693,John L. Helm,1802.0,Male Pronouns
694,Patrick Henry,1736.0,Male Pronouns
695,Garret Hobart,1844.0,Male Pronouns
696,Margaret Lea Houston,1819.0,Male Pronouns
697,C. D. Howe,1886.0,Male Pronouns
698,Andrew Jackson,1767.0,Male Pronouns
699,Muhammad Ali Jinnah,1876.0,Male Pronouns
700,Andrew Johnson,1808.0,Male Pronouns
701,Keen Johnson,1896.0,Male Pronouns
702,Paul Kagame,1957.0,Male Pronouns
703,George F. Kennan,1904.0,Male Pronouns
704,Jomo Kenyatta,1897.0,Male Pronouns
705,Nikita Khrushchev,1894.0,Male Pronouns
706,Paul Kruger,1825.0,Male Pronouns
707,Ruby Laffoon,1869.0,Male Pronouns
708,Nestor Lakoba,1893.0,Male Pronouns
709,Franklin Knight Lane,1864.0,Male Pronouns
710,George Lansbury,1859.0,Male Pronouns
711,Vladimir Lenin,1917.0,Male Pronouns
712,Leopold Report,1964.0,Plural or Non-binary Pronouns
713,David Lewis (politician),1909.0,Male Pronouns
714,Marcel Lihau,1931.0,Male Pronouns
715,Luo Yixiu,1889.0,Male Pronouns
716,Angus Lewis Macdonald,1890.0,Male Pronouns
717,John A. Macdonald,1891.0,Male Pronouns
718,Gregor MacGregor,1786.0,Male Pronouns
719,Nelson Mandela,1918.0,Male Pronouns
720,Thomas R. Marshall,1854.0,Male Pronouns
721,George Mason,1725.0,Male Pronouns
722,John McCain,2000.0,Male Pronouns
723,James B. McCreary,1838.0,Male Pronouns
724,Bob McEwen,1950.0,Male Pronouns
725,William McKinley,1843.0,Male Pronouns
726,Harvey Milk,1930.0,Male Pronouns
727,Edwin P. Morrow,1877.0,Male Pronouns
728,Ngô Đình Cẩn,1911.0,Male Pronouns
729,Nguyễn Ngọc Thơ,1908.0,Male Pronouns
730,Pat Nixon,1912.0,Female Pronouns
731,Richard Nixon,1946.0,Male Pronouns
732,Louie Nunn,1924.0,Male Pronouns
733,Barack Obama,2004.0,Male Pronouns
734,"José Paranhos, Viscount of Rio Branco",1819.0,Male Pronouns
735,Paul E. Patton,1937.0,Male Pronouns
736,Franklin Peale,1795.0,Male Pronouns
737,Franklin Pierce,1804.0,Male Pronouns
738,Józef Piłsudski,1928.0,Male Pronouns
739,Gabriel Pleydell,1519.0,Male Pronouns
740,Thomas Playford IV,1896.0,Male Pronouns
741,James K. Polk,1795.0,Male Pronouns
742,Premiership of John Edward Brownlee,1925.0,Male Pronouns
743,Vidkun Quisling,1887.0,Male Pronouns
744,Rainilaiarivony,1828.0,Male Pronouns
745,Norodom Ranariddh,1944.0,Male Pronouns
746,Samuel J. Randall,1828.0,Male Pronouns
747,Nancy Reagan,1921.0,Female Pronouns
748,Ronald Reagan,1968.0,Male Pronouns
749,Richard Gavin Reid,1879.0,Male Pronouns
750,Louis Riel,1844.0,Male Pronouns
751,George W. Romney,1907.0,Male Pronouns
752,Mitt Romney,2008.0,Male Pronouns
753,Rise of Neville Chamberlain,1916.0,Male Pronouns
754,Juan Manuel de Rosas,1793.0,Male Pronouns
755,Lawrence Sullivan Ross,1838.0,Male Pronouns
756,Alexander Cameron Rutherford,1857.0,Male Pronouns
757,Charles Scott (governor),1739.0,Male Pronouns
758,William H. Seward,1801.0,Male Pronouns
759,Solomon P. Sharp,1787.0,Male Pronouns
760,Isaac Shelby,1750.0,Male Pronouns
761,Arthur Sifton,1858.0,Male Pronouns
762,Ian Smith,1919.0,Male Pronouns
763,Albert Speer,1905.0,Male Pronouns
764,Augustus Owsley Stanley,1867.0,Male Pronouns
765,Ed Stelmach,1951.0,Male Pronouns
766,Thaddeus Stevens,1792.0,Male Pronouns
767,Charles Stewart (Canadian politician),1975.0,Male Pronouns
768,William Howard Taft,1857.0,Male Pronouns
769,Jeremy Thorpe,1929.0,Male Pronouns
770,Benjamin Tillman,1847.0,Male Pronouns
771,Harry S. Truman,1884.0,Male Pronouns
772,Irakli Tsereteli,1881.0,Male Pronouns
773,George Tucker (politician),1775.0,Male Pronouns
774,John Tyler,1790.0,Male Pronouns
775,John Tyndall (politician),1934.0,Male Pronouns
776,Fakih Usman,1904.0,Male Pronouns
777,P. K. van der Byl,1923.0,Male Pronouns
778,Jerry Voorhis,1901.0,Male Pronouns
779,James B. Weaver,1833.0,Male Pronouns
780,Lawrence Wetherby,1908.0,Male Pronouns
781,Roy Welensky,1907.0,Male Pronouns
782,Thomas White (Australian politician),1888.0,Male Pronouns
783,Gough Whitlam,1916.0,Male Pronouns
784,William Wilberforce,1759.0,Male Pronouns
785,Ellen Wilkinson,1891.0,Female Pronouns
786,Wendell Willkie,1892.0,Male Pronouns
787,Ælfheah of Canterbury,953.0,Male Pronouns
788,Alexander of Lincoln,1148.0,Male Pronouns
789,Augustine of Canterbury,604.0,Male Pronouns
790,Baldwin of Forde,1125.0,Male Pronouns
791,William M. Branham,1909.0,Male Pronouns
792,Martin Bucer,1491.0,Male Pronouns
793,Robert Burnell,1239.0,Male Pronouns
794,John Calvin,1509.0,Male Pronouns
795,Robert de Chesney,1166.0,Male Pronouns
796,Clement of Dunblane,1258.0,Male Pronouns
797,Henry Conwell,1842.0,Male Pronouns
798,Walter de Coutances,1207.0,Male Pronouns
799,Walter de Coventre,1371.0,Male Pronouns
800,Thomas Cranmer,1489.0,Male Pronouns
801,Harold Davidson,1875.0,Male Pronouns
802,Deusdedit of Canterbury,664.0,Male Pronouns
803,Ealdred (archbishop of York),1069.0,Male Pronouns
804,Michael Francis Egan,1814.0,Male Pronouns
805,Gilbert Foliot,1110.0,Male Pronouns
806,Geoffrey (archbishop of York),1152.0,Male Pronouns
807,George Fox,1691.0,Male Pronouns
808,Gerard (archbishop of York),1108.0,Male Pronouns
809,Henry (bishop of Finland),1153.0,Male Pronouns
810,George Went Hensley,1881.0,Male Pronouns
811,Hilary of Chichester,1169.0,Male Pronouns
812,Reginald Heber,1783.0,Male Pronouns
813,L. Ron Hubbard,1911.0,Male Pronouns
814,Anne Hutchinson,1591.0,Female Pronouns
815,Hygeberht,803.0,Male Pronouns
816,Jesus,1622.0,Male Pronouns
817,John de Gray,1214.0,Male Pronouns
818,Jocelin of Glasgow,1199.0,Male Pronouns
819,Robert of Jumièges,1052.0,Male Pronouns
820,Peter Jones (missionary),1909.0,Male Pronouns
821,Justus,627.0,Male Pronouns
822,John Knox,1572.0,Male Pronouns
823,Cosmo Gordon Lang,1864.0,Male Pronouns
824,Laurence of Canterbury,619.0,Male Pronouns
825,William de Longchamp,1197.0,Male Pronouns
826,William Matthews (priest),1770.0,Male Pronouns
827,Madeline Montalban,1910.0,Female Pronouns
828,Maximus the Confessor,1996.0,Male Pronouns
829,William McSherry,1799.0,Male Pronouns
830,Mellitus,624.0,Male Pronouns
831,Ralph Neville,1244.0,Male Pronouns
832,Nigel (bishop of Ely),1100.0,Male Pronouns
833,Ruth Norman,1900.0,Female Pronouns
834,Paulinus of York,644.0,Male Pronouns
835,Elias Abraham Rosenberg,1810.0,Male Pronouns
836,William de St-Calais,1096.0,Male Pronouns
837,Andrew Sledd,1870.0,Male Pronouns
838,Albertus Soegijapranata,1896.0,Male Pronouns
839,Stigand,1072.0,Male Pronouns
840,Charles H. Stonestreet,1813.0,Male Pronouns
841,Theobald of Bec,1090.0,Male Pronouns
842,Thomas of Bayeux,1100.0,Male Pronouns
843,Joseph W. Tkach,1927.0,Male Pronouns
844,Peter Martyr Vermigli,1499.0,Male Pronouns
845,Hubert Walter,1160.0,Male Pronouns
846,William Warelwast,1137.0,Male Pronouns
847,Wilfrid,633.0,Male Pronouns
848,William de Corbeil,1070.0,Male Pronouns
849,William of Tyre,1130.0,Male Pronouns
850,William of Wrotham,1217.0,Male Pronouns
851,Samuel Merrill Woodbridge,1819.0,Male Pronouns
852,Huldrych Zwingli,7908.0,Male Pronouns
853,Abd al-Malik ibn Marwan,646.0,Male Pronouns
854,Áedán mac Gabráin,574.0,Male Pronouns
855,Ælle of Sussex,477.0,Male Pronouns
856,"Æthelbald, King of Wessex",860.0,Male Pronouns
857,Æthelbald of Mercia,757.0,Male Pronouns
858,Æthelberht of Kent,589.0,Male Pronouns
859,"Æthelberht, King of Wessex",860.0,Male Pronouns
860,Æthelflæd,870.0,Female Pronouns
861,Æthelred of Mercia,704.0,Male Pronouns
862,"Æthelred, Lord of the Mercians",911.0,Male Pronouns
863,Æthelstan,894.0,Male Pronouns
864,Æthelwold ætheling,902.0,Male Pronouns
865,"Æthelwulf, King of Wessex",858.0,Male Pronouns
866,"Albert, Prince Consort",1819.0,Male Pronouns
867,Alboin,572.0,Male Pronouns
868,Aldfrith of Northumbria,704.0,Male Pronouns
869,Alexandra of Denmark,1844.0,Female Pronouns
870,Alexander of Greece,1893.0,Male Pronouns
871,"Prince Albert Victor, Duke of Clarence and Avondale",1864.0,Male Pronouns
872,Princess Alice of Battenberg,1885.0,Female Pronouns
873,Al-Mu&#39;tasim,796.0,Male Pronouns
874,Grand Duchess Anastasia Nikolaevna of Russia,1901.0,Female Pronouns
875,Ahmose I,1527.0,Male Pronouns
876,"Pedro Afonso, Prince Imperial of Brazil",1848.0,Male Pronouns
877,"Afonso, Prince Imperial of Brazil",1845.0,Male Pronouns
878,Anna of East Anglia,653.0,Male Pronouns
879,Anne of Denmark,1574.0,Female Pronouns
880,"Anne, Queen of Great Britain",1665.0,Female Pronouns
881,Antiochus X Eusebes,224.0,Male Pronouns
882,Antiochus XI Epiphanes,281.0,Male Pronouns
883,Antiochus XII Dionysus,124.0,Male Pronouns
884,Charles Atangana,1880.0,Male Pronouns
885,Atlanersa,700.0,Male Pronouns
886,Attalus I,197.0,Male Pronouns
887,Augustus,700.0,Male Pronouns
888,Basiliscus,475.0,Male Pronouns
889,Princess Beatrice of the United Kingdom,1857.0,Female Pronouns
890,Beorhtwulf of Mercia,852.0,Male Pronouns
891,Caroline of Ansbach,1737.0,Female Pronouns
892,Cædwalla of Wessex,659.0,Male Pronouns
893,Ceawlin of Wessex,593.0,Male Pronouns
894,"George Calvert, 1st Baron Baltimore",1580.0,Male Pronouns
895,Charles I of England,1600.0,Male Pronouns
896,Charles II of England,1630.0,Male Pronouns
897,Princess Charlotte of Wales,1796.0,Female Pronouns
898,"Rachel Chiesley, Lady Grange",700.0,Female Pronouns
899,"John Churchill, 1st Duke of Marlborough",1650.0,Male Pronouns
900,"Sarah Churchill, Duchess of Marlborough",1660.0,Female Pronouns
901,Cleopatra Selene of Syria,135.0,Female Pronouns
902,Coenred of Mercia,709.0,Male Pronouns
903,Coenwulf of Mercia,796.0,Male Pronouns
904,Constantine II of Scotland,952.0,Male Pronouns
905,David I of Scotland,1124.0,Male Pronouns
906,Diocletian,244.0,Male Pronouns
907,Djedkare Isesi,1077.0,Male Pronouns
908,Domitian,0.0,Male Pronouns
909,"Donnchadh, Earl of Carrick",1169.0,Male Pronouns
910,Eadbald of Kent,616.0,Male Pronouns
911,Eardwulf of Northumbria,790.0,Male Pronouns
912,"Ecgberht, King of Wessex",775.0,Male Pronouns
913,Edward II of England,1284.0,Male Pronouns
914,Edward III of England,1312.0,Male Pronouns
915,Edward VI of England,1537.0,Male Pronouns
916,Edward VII,1910.0,Male Pronouns
917,Edward VIII,1936.0,Male Pronouns
918,Edward the Elder,874.0,Male Pronouns
919,Elagabalus,211.0,Male Pronouns
920,Elizabeth I of England,1558.0,Female Pronouns
921,Elizabeth II,1956.0,Female Pronouns
922,Queen Elizabeth The Queen Mother,1900.0,Female Pronouns
923,"Ernest Augustus, King of Hanover",1771.0,Male Pronouns
924,Demetrius III Eucaerus,124.0,Male Pronouns
925,"John FitzWalter, 2nd Baron FitzWalter",1351.0,Male Pronouns
926,"Frederick III, German Emperor",1831.0,Male Pronouns
927,Prince George of Denmark,1653.0,Male Pronouns
928,George I of Great Britain,1660.0,Male Pronouns
929,George I of Greece,1845.0,Male Pronouns
930,George II of Great Britain,1760.0,Male Pronouns
931,George III of the United Kingdom,1820.0,Male Pronouns
932,George IV of the United Kingdom,1830.0,Male Pronouns
933,George V,1865.0,Male Pronouns
934,George VI,1895.0,Male Pronouns
935,Princess Helena of the United Kingdom,1846.0,Female Pronouns
936,Henry I of England,1068.0,Male Pronouns
937,Henry III of England,1207.0,Male Pronouns
938,Ine of Wessex,670.0,Male Pronouns
939,Isabeau of Bavaria,1370.0,Female Pronouns
940,Ivan Alexander of Bulgaria,1331.0,Male Pronouns
941,James VI and I,1566.0,Male Pronouns
942,James II of England,1685.0,Male Pronouns
943,Abdul Karim (the Munshi),1863.0,Male Pronouns
944,"John, King of England",1166.0,Male Pronouns
945,Nikolai Kulikovsky,1881.0,Male Pronouns
946,Prince Sadruddin Aga Khan,1933.0,Male Pronouns
947,"Princess Louise, Duchess of Argyll",1848.0,Female Pronouns
948,"John Bingham, 7th Earl of Lucan",1934.0,Male Pronouns
949,Manuel I Komnenos,1118.0,Male Pronouns
950,Princess Maria Amélia of Brazil,1831.0,Female Pronouns
951,Marwan I,626.0,Male Pronouns
952,Mary of Teck,1867.0,Female Pronouns
953,Mary II of England,1662.0,Female Pronouns
954,"Mary, Queen of Scots",1542.0,Female Pronouns
955,Empress Matilda,1102.0,Female Pronouns
956,Maximian,250.0,Male Pronouns
957,Catherine de&#39; Medici,1519.0,Female Pronouns
958,"John Mowbray, 3rd Duke of Norfolk",1415.0,Male Pronouns
959,Muhammad I of Granada,1195.0,Male Pronouns
960,Muhammad II of Granada,1235.0,Male Pronouns
961,Muhammad III of Granada,1257.0,Male Pronouns
962,Muhammad ibn Tughj al-Ikhshid,882.0,Male Pronouns
963,Al-Mu&#39;tadid,892.0,Male Pronouns
964,Neferefre,1279.0,Male Pronouns
965,Neferirkare Kakai,120.0,Male Pronouns
966,Nyuserre Ini,1000.0,Male Pronouns
967,Odaenathus,220.0,Male Pronouns
968,Óengus I,732.0,Male Pronouns
969,Offa of Mercia,757.0,Male Pronouns
970,Grand Duchess Olga Alexandrovna of Russia,1882.0,Female Pronouns
971,Grand Duchess Olga Nikolaevna of Russia,1895.0,Female Pronouns
972,Pedro I of Brazil,1798.0,Male Pronouns
973,Pedro II of Brazil,1831.0,Male Pronouns
974,Penda of Mercia,628.0,Male Pronouns
975,Philip I Philadelphus,124.0,Male Pronouns
976,"Hannah Primrose, Countess of Rosebery",1851.0,Female Pronouns
977,Ramesses VI,1156.0,Male Pronouns
978,Ranavalona I,1778.0,Female Pronouns
979,Ranavalona III,1917.0,Female Pronouns
980,Rhys ap Gruffydd,1132.0,Male Pronouns
981,Richard II of England,1367.0,Male Pronouns
982,"William de Ros, 6th Baron Ros",1370.0,Male Pronouns
983,Lady Saigō,1552.0,Female Pronouns
984,Salih ibn Mirdas,1025.0,Male Pronouns
985,Teresa Sampsonia,1668.0,Female Pronouns
986,Seleucus VI Epiphanes,124.0,Male Pronouns
987,Domenico Selvo,1087.0,Male Pronouns
988,Shepseskare,2345.0,Male Pronouns
989,Sheshi,1800.0,Male Pronouns
990,Shunzhi Emperor,1638.0,Male Pronouns
991,Simeon I of Bulgaria,893.0,Male Pronouns
992,"Siward, Earl of Northumbria",1033.0,Male Pronouns
993,"Humphrey Stafford, 1st Duke of Buckingham",1460.0,Male Pronouns
994,Stephen I of Hungary,975.0,Male Pronouns
995,"Stephen, King of England",1135.0,Male Pronouns
996,"Charlotte Stuart, Duchess of Albany",1753.0,Female Pronouns
997,Sviatoslav I of Kiev,943.0,Male Pronouns
998,Teresa Cristina of the Two Sicilies,1822.0,Female Pronouns
999,Tiridates I of Armenia,1848.0,Male Pronouns
1000,Unas,2315.0,Male Pronouns
1001,Princess Victoria of Hesse and by Rhine,1863.0,Female Pronouns
1002,Queen Victoria,1819.0,Female Pronouns
1003,Wallis Simpson,1936.0,Female Pronouns
1004,Wiglaf of Mercia,839.0,Male Pronouns
1005,Wihtred of Kent,670.0,Male Pronouns
1006,"Prince William, Duke of Gloucester",1689.0,Male Pronouns
1007,William III of England,1650.0,Male Pronouns
1008,William IV of the United Kingdom,1837.0,Male Pronouns
1009,William the Conqueror,1066.0,Male Pronouns
1010,Władysław II Jagiełło,1362.0,Male Pronouns
1011,Wulfhere of Mercia,675.0,Male Pronouns
1012,Alexander II Zabinas,150.0,Male Pronouns
1013,Zenobia,240.0,Female Pronouns
1014,Doc Adams,1814.0,Male Pronouns
1015,Nick Adenhart,1986.0,Male Pronouns
1016,Jonathan Agnew,1960.0,Male Pronouns
1017,Gubby Allen,1902.0,Male Pronouns
1018,Tommy Amaker,1965.0,Male Pronouns
1019,Hobey Baker,1918.0,Male Pronouns
1020,Sid Barnes,1916.0,Male Pronouns
1021,Sid Barnes with the Australian cricket team in England in 1948,354.0,Male Pronouns
1022,Kevin Beattie,1953.0,Male Pronouns
1023,Shelton Benjamin,1975.0,Male Pronouns
1024,Moe Berg,1902.0,Male Pronouns
1025,Brian Booth,1933.0,Male Pronouns
1026,Bernard Bosanquet (cricketer),1877.0,Male Pronouns
1027,Luc Bourdon,1987.0,Male Pronouns
1028,Don Bradman,1908.0,Male Pronouns
1029,Don Bradman with the Australian cricket team in England in 1948,1948.0,Male Pronouns
1030,Eric Brewer,1979.0,Male Pronouns
1031,Martin Brodeur,2002.0,Male Pronouns
1032,Neil Brooks,1962.0,Male Pronouns
1033,Bill Brown (cricketer),1912.0,Male Pronouns
1034,William Robinson Brown,1875.0,Male Pronouns
1035,Steve Bruce,1960.0,Male Pronouns
1036,Avery Brundage,1887.0,Male Pronouns
1037,Mike Capel,1961.0,Male Pronouns
1038,Rudolf Caracciola,1901.0,Male Pronouns
1039,Percy Chapman,1900.0,Male Pronouns
1040,Ian Chappell,1943.0,Male Pronouns
1041,Kim Clijsters,1983.0,Female Pronouns
1042,Cliff Clinkscales,2004.0,Male Pronouns
1043,CM Punk,203.0,Male Pronouns
1044,Paul Collingwood,1976.0,Male Pronouns
1045,A. E. J. Collins,1885.0,Male Pronouns
1046,Learie Constantine,1901.0,Male Pronouns
1047,Stan Coveleski,1889.0,Male Pronouns
1048,Ian Craig,1935.0,Male Pronouns
1049,Jack Crawford (cricketer),1886.0,Male Pronouns
1050,Ben Crosby,1868.0,Male Pronouns
1051,Tim Duncan,1997.0,Male Pronouns
1052,Bud Dunn,1918.0,Male Pronouns
1053,Bobby Eaton,1958.0,Male Pronouns
1054,Duncan Edwards,1936.0,Male Pronouns
1055,Thomas Ellison,1867.0,Male Pronouns
1056,Ray Emery,1982.0,Male Pronouns
1057,Peter Evans (swimmer),1961.0,Male Pronouns
1058,Richie Farmer,1969.0,Male Pronouns
1059,Bob Feller,1918.0,Male Pronouns
1060,Percy Fender,1892.0,Male Pronouns
1061,Nikita Filatov,1990.0,Male Pronouns
1062,Theoren Fleury,1968.0,Male Pronouns
1063,Robin Friday,1952.0,Male Pronouns
1064,Dave Gallaher,1873.0,Male Pronouns
1065,Tyrone Garland,1992.0,Male Pronouns
1066,Eddie Gerard,1890.0,Male Pronouns
1067,Adam Gilchrist,1971.0,Male Pronouns
1068,Arthur Gilligan,1894.0,Male Pronouns
1069,Michael Gomez,1977.0,Male Pronouns
1070,George H. D. Gossip,1841.0,Male Pronouns
1071,Arthur Gould (rugby union),1864.0,Male Pronouns
1072,Chris Gragg,1990.0,Male Pronouns
1073,Otto Graham,1921.0,Male Pronouns
1074,Wayne Gretzky,1961.0,Male Pronouns
1075,Orval Grove,1919.0,Male Pronouns
1076,Bryan Gunn,1963.0,Male Pronouns
1077,Ron Hamence with the Australian cricket team in England in 1948,582.0,Male Pronouns
1078,Wally Hammond,1965.0,Male Pronouns
1079,Neil Harvey with the Australian cricket team in England in 1948,1948.0,Male Pronouns
1080,Dominik Hašek,1965.0,Male Pronouns
1081,Lindsay Hassett with the Australian cricket team in England in 1948,563.0,Male Pronouns
1082,George Headley,1909.0,Male Pronouns
1083,Paul Henderson,1943.0,Male Pronouns
1084,Thierry Henry,1977.0,Male Pronouns
1085,Herbie Hewett,1864.0,Male Pronouns
1086,Clem Hill,1877.0,Male Pronouns
1087,Damon Hill,1960.0,Male Pronouns
1088,Lynn Hill,1986.0,Female Pronouns
1089,Bernard Hinault,1954.0,Male Pronouns
1090,George Hirst,1871.0,Male Pronouns
1091,Jack Hobbs,1882.0,Male Pronouns
1092,Rogers Hornsby,1896.0,Male Pronouns
1093,Art Houtteman,1927.0,Male Pronouns
1094,Juwan Howard,1973.0,Male Pronouns
1095,Karmichael Hunt,1986.0,Male Pronouns
1096,Len Hutton,1916.0,Male Pronouns
1097,Derek Jeter,1974.0,Male Pronouns
1098,Jarome Iginla,1977.0,Male Pronouns
1099,Archie Jackson,1929.0,Male Pronouns
1100,Douglas Jardine,1900.0,Male Pronouns
1101,Ian Johnson (cricketer),1917.0,Male Pronouns
1102,Keith Johnson (cricket administrator),1894.0,Male Pronouns
1103,Magic Johnson,1959.0,Male Pronouns
1104,Michael Jordan,1984.0,Male Pronouns
1105,Masako Katsura,0.0,Female Pronouns
1106,Fred Keenor,1894.0,Male Pronouns
1107,Susi Kentikian,1987.0,Female Pronouns
1108,Mark Kerry,1959.0,Male Pronouns
1109,Craig Kieswetter,1987.0,Male Pronouns
1110,Harmon Killebrew,1936.0,Male Pronouns
1111,Roy Kilner,1890.0,Male Pronouns
1112,Bart King,1873.0,Male Pronouns
1113,Sandy Koufax,1935.0,Male Pronouns
1114,Nodar Kumaritashvili,1988.0,Male Pronouns
1115,Cynna Kydd,1981.0,Female Pronouns
1116,Harold Larwood,1904.0,Male Pronouns
1117,Louis Leblanc,1991.0,Male Pronouns
1118,Faith Leech,1941.0,Female Pronouns
1119,Maurice Leyland,1900.0,Male Pronouns
1120,Trevor Linden,1970.0,Male Pronouns
1121,Ray Lindwall with the Australian cricket team in England in 1948,191.0,Male Pronouns
1122,Sam Loxton,1948.0,Male Pronouns
1123,Sam Loxton with the Australian cricket team in England in 1948,159.0,Male Pronouns
1124,Roberto Luongo,1979.0,Male Pronouns
1125,Charlie Macartney,1886.0,Male Pronouns
1126,George Macaulay,1897.0,Male Pronouns
1127,Archie MacLaren,1871.0,Male Pronouns
1128,Jack Marsh,1874.0,Male Pronouns
1129,Billy Martin,1928.0,Male Pronouns
1130,Jimmy McAleer,1864.0,Male Pronouns
1131,Lanny McDonald,1953.0,Male Pronouns
1132,William McGregor (football),1846.0,Male Pronouns
1133,Ian Meckiff,1935.0,Male Pronouns
1134,Bob Meusel,1896.0,Male Pronouns
1135,Early life of Keith Miller,1919.0,Male Pronouns
1136,Keith Miller in the 1946–47 Australian cricket season,384.0,Male Pronouns
1137,Keith Miller with the Australian cricket team in England in 1948,1948.0,Male Pronouns
1138,Arthur Mold,1863.0,Male Pronouns
1139,Howie Morenz,1902.0,Male Pronouns
1140,Sandra Morgan,1956.0,Female Pronouns
1141,Arthur Morris,1922.0,Male Pronouns
1142,Stan Musial,1920.0,Male Pronouns
1143,Ian O&#39;Brien,1947.0,Male Pronouns
1144,Kevin O&#39;Halloran,1937.0,Male Pronouns
1145,Bill O&#39;Reilly (cricketer),1905.0,Male Pronouns
1146,Lionel Palairet,1870.0,Male Pronouns
1147,Ben Paschal,1895.0,Male Pronouns
1148,Bobby Peel,1857.0,Male Pronouns
1149,Tommy Phillips,1883.0,Male Pronouns
1150,Jacques Plante,1929.0,Male Pronouns
1151,Bill Ponsford,1900.0,Male Pronouns
1152,Alain Prost,1987.0,Male Pronouns
1153,Tom Pryce,1949.0,Male Pronouns
1154,Alf Ramsey,1920.0,Male Pronouns
1155,Milos Raonic,1990.0,Male Pronouns
1156,Stamata Revithi,1866.0,Female Pronouns
1157,Wilfred Rhodes,1877.0,Male Pronouns
1158,J. R. Richard,1950.0,Male Pronouns
1159,Maurice Richard,1921.0,Male Pronouns
1160,Jochen Rindt,1942.0,Male Pronouns
1161,Doug Ring with the Australian cricket team in England in 1948,150.0,Male Pronouns
1162,Mariano Rivera,1969.0,Male Pronouns
1163,Jackie Robinson,1919.0,Male Pronouns
1164,Bobby Robson,1933.0,Male Pronouns
1165,Art Ross,1964.0,Male Pronouns
1166,Bill Russell,1934.0,Male Pronouns
1167,Babe Ruth,1895.0,Male Pronouns
1168,Rex Ryan,1962.0,Male Pronouns
1169,Joe Sakic,1969.0,Male Pronouns
1170,Sigi Schmid,1953.0,Male Pronouns
1171,Daniel Sedin,1980.0,Male Pronouns
1172,Henrik Sedin,1980.0,Male Pronouns
1173,Joel Selwood,1988.0,Male Pronouns
1174,Waisale Serevi,1968.0,Male Pronouns
1175,Gilberto Silva,1976.0,Male Pronouns
1176,Tom Simpson,1937.0,Male Pronouns
1177,Lee Smith (baseball),1957.0,Male Pronouns
1178,Ozzie Smith,1954.0,Male Pronouns
1179,Paul Stastny,1985.0,Male Pronouns
1180,Casey Stengel,1890.0,Male Pronouns
1181,Eduard Streltsov,1937.0,Male Pronouns
1182,Hod Stuart,1879.0,Male Pronouns
1183,Don Tallon,1916.0,Male Pronouns
1184,Bazy Tankersley,1921.0,Female Pronouns
1185,Jim Thome,612.0,Male Pronouns
1186,Tiny Thompson,1903.0,Male Pronouns
1187,Ian Thorpe,1982.0,Male Pronouns
1188,Jim Thorpe,1940.0,Male Pronouns
1189,Billy Joe Tolliver,1966.0,Male Pronouns
1190,Mark Tonelli,1980.0,Male Pronouns
1191,Ernie Toshack,1914.0,Male Pronouns
1192,Ernie Toshack with the Australian cricket team in England in 1948,1948.0,Male Pronouns
1193,Bert Trautmann,1923.0,Male Pronouns
1194,Marcus Trescothick,1975.0,Male Pronouns
1195,Harry Trott,1866.0,Male Pronouns
1196,Hugh Trumble,1867.0,Male Pronouns
1197,Thurman Tucker,1917.0,Male Pronouns
1198,The Turk,1784.0,Male Pronouns
1199,Morihei Ueshiba,1883.0,Male Pronouns
1200,Hedley Verity,1905.0,Male Pronouns
1201,Georges Vézina,1887.0,Male Pronouns
1202,Abe Waddington,1893.0,Male Pronouns
1203,Joe Warbrick,1862.0,Male Pronouns
1204,John Wark,1957.0,Male Pronouns
1205,Tyrone Wheatley,1972.0,Male Pronouns
1206,Bob Windle,1944.0,Male Pronouns
1207,Fanny Bullock Workman,1859.0,Plural or Non-binary Pronouns
1208,William Wurtenburg,1863.0,Male Pronouns
1209,Yao Ming,1980.0,Male Pronouns
1210,Scott Zolak,1967.0,Male Pronouns
1211,Sophie Blanchard,1859.0,Female Pronouns
1212,Lester Brain,1903.0,Male Pronouns
1213,Fairfax Harrison,1869.0,Male Pronouns
1214,Frank Pick,1878.0,Male Pronouns
1215,"Albert Stanley, 1st Baron Ashfield",1874.0,Male Pronouns
1216,Vesna Vulović,1950.0,Female Pronouns
1217,Ba Cụt,1923.0,Male Pronouns
1218,Ivan Bagramyan,1897.0,Male Pronouns
1219,Thomas Baker (aviator),1897.0,Male Pronouns
1220,Albert Ball,1896.0,Male Pronouns
1221,John Balmer,1910.0,Male Pronouns
1222,Nicky Barr,1915.0,Male Pronouns
1223,Cyril Bassett,1892.0,Male Pronouns
1224,Prince Louis of Battenberg,1854.0,Male Pronouns
1225,Otto Becher,1908.0,Male Pronouns
1226,Mary Bell (aviator),1903.0,Female Pronouns
1227,Gottlob Berger,1896.0,Male Pronouns
1228,Frank Berryman,1894.0,Male Pronouns
1229,Frank Bladin,1898.0,Male Pronouns
1230,Thomas Blamey,1884.0,Male Pronouns
1231,John F. Bolt,1921.0,Male Pronouns
1232,William Bostock,1892.0,Male Pronouns
1233,Juan Davis Bradburn,1787.0,Male Pronouns
1234,William Brill (RAAF officer),1916.0,Male Pronouns
1235,Jesse L. Brown,1926.0,Male Pronouns
1236,Raymond Brownell,1894.0,Male Pronouns
1237,Henry Burrell (admiral),1904.0,Male Pronouns
1238,James Wood Bush,1844.0,Male Pronouns
1239,Vannevar Bush,1890.0,Male Pronouns
1240,Roger B. Chaffee,1935.0,Male Pronouns
1241,Harry Chauvel,1865.0,Male Pronouns
1242,Dudley Clarke,1899.0,Male Pronouns
1243,Harry Cobby,1894.0,Male Pronouns
1244,Adrian Cole (RAAF officer),1895.0,Male Pronouns
1245,Dick Cresswell,1920.0,Male Pronouns
1246,Thomas Crisp,1876.0,Male Pronouns
1247,"Andrew Cunningham, 1st Viscount Cunningham of Hyndhope",1883.0,Male Pronouns
1248,"Luís Alves de Lima e Silva, Duke of Caxias",1803.0,Male Pronouns
1249,Roderic Dallas,1891.0,Male Pronouns
1250,Richard Dannatt,2006.0,Male Pronouns
1251,Phillip Davey,1896.0,Male Pronouns
1252,George Andrew Davis Jr.,1920.0,Male Pronouns
1253,Tom Derrick,1914.0,Male Pronouns
1254,Hermann Detzner,1882.0,Male Pronouns
1255,Theodore Komnenos Doukas,1224.0,Male Pronouns
1256,Roy Dowling,1901.0,Male Pronouns
1257,Peter Drummond (RAF officer),1894.0,Male Pronouns
1258,Vance Drummond,1927.0,Male Pronouns
1259,Pavle Đurišić,1909.0,Male Pronouns
1260,Brian Eaton,1916.0,Male Pronouns
1261,Charles Eaton (RAAF officer),1895.0,Male Pronouns
1262,David Evans (RAAF officer),1925.0,Male Pronouns
1263,Neil Hamilton Fairley,1891.0,Male Pronouns
1264,Karl Aloys zu Fürstenberg,1760.0,Male Pronouns
1265,Ragnar Garrett,1900.0,Male Pronouns
1266,Bobby Gibbes,1916.0,Male Pronouns
1267,John Glenn,1921.0,Male Pronouns
1268,Stanley Goble,1891.0,Male Pronouns
1269,Ulysses S. Grant,1868.0,Male Pronouns
1270,Leslie Groves,1896.0,Male Pronouns
1271,Valston Hancock,1907.0,Male Pronouns
1272,Winfield Scott Hancock,1824.0,Male Pronouns
1273,Colin Hannah,1914.0,Male Pronouns
1274,Donald Hardman,1899.0,Male Pronouns
1275,Francis Harvey,1873.0,Male Pronouns
1276,Frank Headlam,1914.0,Male Pronouns
1277,William Hely,1909.0,Male Pronouns
1278,Edmund Herring,1892.0,Male Pronouns
1279,Joe Hewitt (RAAF officer),1901.0,Male Pronouns
1280,Peter Heywood,1772.0,Male Pronouns
1281,Hispanic Americans in World War II,0.0,Male Pronouns
1282,James Hogun,1770.0,Male Pronouns
1283,Les Holden,1895.0,Male Pronouns
1284,Brian Horrocks,1895.0,Male Pronouns
1285,Robert Howe (Continental Army officer),1732.0,Male Pronouns
1286,Cedric Howell,1896.0,Male Pronouns
1287,Thomas J. Hudner Jr.,1924.0,Male Pronouns
1288,Paterson Clarence Hughes,1917.0,Male Pronouns
1289,Caesar Hull,1914.0,Male Pronouns
1290,"Joaquim José Inácio, Viscount of Inhaúma",1808.0,Male Pronouns
1291,Roy Inwood,1890.0,Male Pronouns
1292,"Hastings Ismay, 1st Baron Ismay",1887.0,Male Pronouns
1293,John Francis Jackson,1908.0,Male Pronouns
1294,Mike Jackson (British Army officer),1982.0,Male Pronouns
1295,Peter Jeffrey (RAAF officer),1913.0,Male Pronouns
1296,Jørgen Jensen (soldier),1891.0,Male Pronouns
1297,Dobroslav Jevđević,1895.0,Male Pronouns
1298,George Jones (RAAF officer),1896.0,Male Pronouns
1299,J. R. Kealoha,1877.0,Male Pronouns
1300,Albert Kesselring,1918.0,Male Pronouns
1301,Hasan al-Kharrat,1925.0,Male Pronouns
1302,Elwyn Roy King,1894.0,Male Pronouns
1303,Bruce Kingsbury,1918.0,Male Pronouns
1304,Thomas C. Kinkaid,1888.0,Male Pronouns
1305,Tadeusz Kościuszko,1746.0,Male Pronouns
1306,Walter Krueger,1881.0,Male Pronouns
1307,"Gilbert du Motier, Marquis de Lafayette",1757.0,Male Pronouns
1308,Raymond Leane,1878.0,Male Pronouns
1309,Lê Quang Tung,1919.0,Male Pronouns
1310,Helmut Lent,1918.0,Male Pronouns
1311,John Lerew,1912.0,Male Pronouns
1312,Ernst Lindemann,1894.0,Male Pronouns
1313,Carl Hans Lody,1877.0,Male Pronouns
1314,Douglas MacArthur,1880.0,Male Pronouns
1315,Iven Mackay,1882.0,Male Pronouns
1316,Garnet Malley,1892.0,Male Pronouns
1317,"Manuel Marques de Sousa, Count of Porto Alegre",1804.0,Male Pronouns
1318,Murray Maxwell,1775.0,Male Pronouns
1319,Bill McCann,1892.0,Male Pronouns
1320,John McCauley,1899.0,Male Pronouns
1321,James Whiteside McCay,1864.0,Male Pronouns
1322,George B. McClellan,1826.0,Male Pronouns
1323,Ian Dougald McLachlan,1911.0,Male Pronouns
1324,Lesley J. McNair,1883.0,Male Pronouns
1325,Frank McNamara (RAAF officer),1894.0,Male Pronouns
1326,Alan McNicoll,1908.0,Male Pronouns
1327,August Meyszner,1886.0,Male Pronouns
1328,James Moore (Continental Army officer),1737.0,Male Pronouns
1329,Fred Moosally,1944.0,Male Pronouns
1330,Emanuel Moravec,1893.0,Male Pronouns
1331,Douglas Albert Munro,1919.0,Male Pronouns
1332,Alister Murdoch,1912.0,Male Pronouns
1333,Audie Murphy,1925.0,Male Pronouns
1334,Harry Murray,1880.0,Male Pronouns
1335,James Newland,1881.0,Male Pronouns
1336,Bill Newton,1919.0,Male Pronouns
1337,William Sterling Parsons,1901.0,Male Pronouns
1338,George S. Patton,1885.0,Male Pronouns
1339,Kosta Pećanac,1944.0,Male Pronouns
1340,Walter Peeler,1887.0,Male Pronouns
1341,Jerry Pentland,1894.0,Male Pronouns
1342,Henry Petre,1884.0,Male Pronouns
1343,Milorad Petrović,1882.0,Male Pronouns
1344,Roy Phillipps,1892.0,Male Pronouns
1345,Artur Phleps,1881.0,Male Pronouns
1346,Reg Pollard (general),1903.0,Male Pronouns
1347,Phạm Ngọc Thảo,1964.0,Male Pronouns
1348,Henry Hoʻolulu Pitman,1845.0,Male Pronouns
1349,John Plagis,1974.0,Male Pronouns
1350,Edwin Taylor Pollock,1870.0,Male Pronouns
1351,Lazare Ponticelli,2017.0,Male Pronouns
1352,Arthur W. Radford,1896.0,Male Pronouns
1353,Prince Romerson,1840.0,Male Pronouns
1354,James Rowland (RAAF officer),1922.0,Male Pronouns
1355,Reg Saunders,1920.0,Male Pronouns
1356,Stanley Savige,1890.0,Male Pronouns
1357,Frederick Scherger,1904.0,Male Pronouns
1358,Uriel Sebree,1848.0,Male Pronouns
1359,Friedrich Wilhelm von Seydlitz,1721.0,Male Pronouns
1360,Kenneth R. Shadrick,1931.0,Male Pronouns
1361,Alan Shepard,1923.0,Male Pronouns
1362,William Tecumseh Sherman,1820.0,Male Pronouns
1363,Alfred Shout,1882.0,Male Pronouns
1364,Military service of Ian Smith,237.0,Male Pronouns
1365,Issy Smith,1890.0,Male Pronouns
1366,Oerip Soemohardjo,1893.0,Male Pronouns
1367,Lou Spence,1917.0,Male Pronouns
1368,Myles Standish,1584.0,Male Pronouns
1369,Clare Stevenson,1903.0,Female Pronouns
1370,Ronald Stuart,1886.0,Male Pronouns
1371,Vernon Sturdee,1890.0,Male Pronouns
1372,Sudirman,1950.0,Male Pronouns
1373,Jethro Sumner,1733.0,Male Pronouns
1374,Paul Palaiologos Tagaris,1340.0,Male Pronouns
1375,Paul Nobuo Tatsuguchi,1888.0,Male Pronouns
1376,Thrasybulus,440.0,Male Pronouns
1377,Paul Tibbets,1915.0,Male Pronouns
1378,Benjamin Franklin Tilley,1848.0,Male Pronouns
1379,Tôn Thất Đính,1926.0,Male Pronouns
1380,Edgar Towner,1890.0,Male Pronouns
1381,Johann von Klenau,1758.0,Male Pronouns
1382,Ellis Wackett,1901.0,Male Pronouns
1383,John Lloyd Waddy,1916.0,Male Pronouns
1384,Kenneth Walker,1898.0,Male Pronouns
1385,Hector Waller,1900.0,Male Pronouns
1386,Allan Walters,1905.0,Male Pronouns
1387,Blair Wark,1894.0,Male Pronouns
1388,Oswald Watt,1878.0,Male Pronouns
1389,Lawrence Weathers,1890.0,Male Pronouns
1390,Stanley Price Weir,1866.0,Male Pronouns
1391,Henry Wells (general),1898.0,Male Pronouns
1392,John Whittle,1882.0,Male Pronouns
1393,Maurice Wilder-Neligan,1882.0,Male Pronouns
1394,Richard Williams (RAAF officer),1890.0,Male Pronouns
1395,John Wilton (general),1910.0,Male Pronouns
1396,James Park Woods,1886.0,Male Pronouns
1397,Henry Wrigley,1892.0,Male Pronouns
